id,first_name,last_name,tel,email
1,Curt,Gwillyam,863-334-8110,cgwillyam0@friendfeed.com
2,Hilly,Card,576-888-2387,hcard1@360.cn
3,Pinchas,Barus,837-750-6143,pbarus2@histats.com
4,Charyl,Lavrinov,918-708-7647,clavrinov3@imageshack.us
5,Orbadiah,Gotcliffe,646-722-2910,ogotcliffe4@vinaora.com
6,Cathy,Jeary,575-239-5902,cjeary5@tripadvisor.com
7,Clair,Allmann,440-751-8446,callmann6@sogou.com
8,Larry,Andreev,812-489-4909,landreev7@canalblog.com
9,Gregoor,Mingay,763-169-3288,gmingay8@privacy.gov.au
10,Nanny,Ivashchenko,430-475-7316,nivashchenko9@abc.net.au
11,Shelby,Elwyn,536-296-1478,selwyna@hugedomains.com
12,Kippy,Noke,973-117-5476,knokeb@admin.ch
13,Lauree,Switzer,352-446-1946,lswitzerc@oracle.com
14,Marla,Gillings,605-741-8904,mgillingsd@ibm.com
15,Bettine,Andrusyak,680-580-8086,bandrusyake@cafepress.com
16,Demetrius,Hartell,883-555-7999,dhartellf@uiuc.edu
17,Keelby,Shirtcliffe,134-914-7477,kshirtcliffeg@google.fr
18,Chalmers,Garnam,540-122-7839,cgarnamh@unicef.org
19,Jacklyn,Mulhall,834-442-3151,jmulhalli@weebly.com
20,Amalle,Pien,511-689-4454,apienj@nasa.gov
21,Kellsie,Hehl,479-241-3760,khehlk@livejournal.com
22,Anabelle,Fee,625-949-8158,afeel@globo.com
23,Debora,Bruyet,362-502-7930,dbruyetm@bloomberg.com
24,Amalea,Askew,628-561-5017,aaskewn@google.com
25,Claudina,Herion,374-472-4254,cheriono@timesonline.co.uk
26,Galvan,Shelford,620-209-5490,gshelfordp@earthlink.net
27,Lesly,Canby,289-998-2181,lcanbyq@deliciousdays.com
28,Benji,Durrance,786-761-2996,bdurrancer@redcross.org
29,Christiane,Dreini,249-545-1851,cdreinis@miibeian.gov.cn
30,Quintus,Greenfield,141-306-7991,qgreenfieldt@wp.com
31,Muriel,Haton,507-323-1126,mhatonu@nature.com
32,Frances,Scorton,933-709-6256,fscortonv@sogou.com
33,Erinna,Bikker,177-322-0331,ebikkerw@state.gov
34,Cristen,Barca,928-262-2280,cbarcax@eventbrite.com
35,Eugine,Hambrook,832-756-1734,ehambrooky@tuttocitta.it
36,Deloria,Crosdill,954-184-8596,dcrosdillz@mayoclinic.com
37,Hewet,Criple,163-531-2896,hcriple10@google.nl
38,Tye,de Clercq,251-550-9240,tdeclercq11@eventbrite.com
39,Cherilyn,Alessandone,251-334-9540,calessandone12@shareasale.com
40,Natalie,Stolze,851-153-6691,nstolze13@sogou.com
41,Patrizius,Drewry,557-296-9826,pdrewry14@domainmarket.com
42,Moses,Sumshon,935-102-0337,msumshon15@dropbox.com
43,Meara,Pauncefort,461-234-9502,mpauncefort16@mashable.com
44,Hedi,Appleby,163-487-4810,happleby17@mac.com
45,Jilleen,Demange,975-180-4322,jdemange18@hud.gov
46,Kippar,Tinto,242-346-4074,ktinto19@netlog.com
47,Gerome,O'Currane,656-769-9089,gocurrane1a@go.com
48,Roderick,Stranahan,808-323-8959,rstranahan1b@deviantart.com
49,Debera,Heintsch,882-484-3521,dheintsch1c@geocities.jp
50,Xever,Taggerty,387-679-9654,xtaggerty1d@bing.com
